,Date,Value,Holiday,WeekDay,WeekEnd,Day,Month,LastDays,summerBreak,FirstMonth,LastMonth,SummerWinter,FirstHalf,Season1_2,Season2_1,weekOfMonth,DayLength
0,2018-02-01,4321,0,3,0,1,2,False,False,False,False,1,True,0,1,1,34
1,2018-02-02,3491,0,4,0,2,2,False,False,False,False,1,True,0,1,1,34
2,2018-02-03,2794,0,5,1,3,2,False,False,False,False,1,True,0,1,1,34
3,2018-02-04,1924,0,6,1,4,2,False,False,False,False,1,True,0,1,1,34
4,2018-02-05,3716,0,0,0,5,2,False,False,False,False,1,True,0,1,2,34
5,2018-02-06,3496,0,1,0,6,2,False,False,False,False,1,True,0,1,2,34
6,2018-02-07,3502,0,2,0,7,2,False,False,False,False,1,True,0,1,2,34
7,2018-02-08,3226,0,3,0,8,2,False,False,False,False,1,True,0,1,2,34
8,2018-02-09,3012,0,4,0,9,2,False,False,False,False,1,True,0,1,2,34
9,2018-02-10,2456,0,5,1,10,2,False,False,False,False,1,True,0,1,2,34
10,2018-02-11,1910,0,6,1,11,2,False,False,False,False,1,True,0,1,2,34
11,2018-02-12,3505,0,0,0,12,2,False,False,False,False,1,True,0,1,3,34
12,2018-02-13,2915,0,1,0,13,2,False,False,False,False,1,True,0,1,3,34
13,2018-02-14,3462,0,2,0,14,2,False,False,False,False,1,True,0,1,3,34
14,2018-02-15,3281,0,3,0,15,2,False,False,False,False,1,True,0,1,3,34
15,2018-02-16,3345,0,4,0,16,2,False,False,False,False,1,True,0,1,3,34
16,2018-02-17,2497,0,5,1,17,2,False,False,False,False,1,True,0,1,3,34
17,2018-02-18,1786,0,6,1,18,2,False,False,False,False,1,True,0,1,3,34
18,2018-02-19,3335,0,0,0,19,2,False,False,False,False,1,True,0,1,4,34
19,2018-02-20,3041,0,1,0,20,2,False,False,False,False,1,True,0,1,4,34
20,2018-02-21,2930,0,2,0,21,2,False,False,False,False,1,True,0,1,4,34
21,2018-02-22,3043,0,3,0,22,2,False,False,False,False,1,True,0,1,4,34
22,2018-02-23,3275,0,4,0,23,2,False,False,False,False,1,True,0,1,4,34
23,2018-02-24,2106,0,5,1,24,2,False,False,False,False,1,True,0,1,4,35
24,2018-02-25,1501,0,6,1,25,2,False,False,False,False,1,True,0,1,4,35
25,2018-02-26,3048,0,0,0,26,2,False,False,False,False,1,True,0,1,5,35
26,2018-02-27,3003,0,1,0,27,2,True,False,False,False,1,True,0,1,5,35
27,2018-02-28,2874,0,2,0,28,2,True,False,False,False,1,True,0,1,5,35
28,2018-03-01,3088,0,3,0,1,3,False,False,False,False,1,True,0,0,1,35
29,2018-03-02,2782,0,4,0,2,3,False,False,False,False,1,True,0,0,1,35
30,2018-03-03,2155,0,5,1,3,3,False,False,False,False,1,True,0,0,1,35
31,2018-03-04,1557,0,6,1,4,3,False,False,False,False,1,True,0,0,1,35
32,2018-03-05,3122,0,0,0,5,3,False,False,False,False,1,True,0,0,2,35
33,2018-03-06,3614,0,1,0,6,3,False,False,False,False,1,True,0,0,2,35
34,2018-03-07,3401,0,2,0,7,3,False,False,False,False,1,True,0,0,2,35
35,2018-03-08,3170,0,3,0,8,3,False,False,False,False,1,True,0,0,2,35
36,2018-03-09,2966,0,4,0,9,3,False,False,False,False,1,True,0,0,2,35
37,2018-03-10,2254,0,5,1,10,3,False,False,False,False,1,True,0,0,2,35
38,2018-03-11,1689,0,6,1,11,3,False,False,False,False,1,True,0,0,2,35
39,2018-03-12,3085,0,0,0,12,3,False,False,False,False,1,True,0,0,3,35
40,2018-03-13,2636,0,1,0,13,3,False,False,False,False,1,True,0,0,3,35
41,2018-03-14,2844,0,2,0,14,3,False,False,False,False,1,True,0,0,3,35
42,2018-03-15,3197,0,3,0,15,3,False,False,False,False,1,True,0,0,3,35
43,2018-03-16,2912,0,4,0,16,3,False,False,False,False,1,True,0,0,3,35
44,2018-03-17,2036,0,5,1,17,3,False,False,False,False,1,True,0,0,3,35
45,2018-03-18,1509,0,6,1,18,3,False,False,False,False,1,True,0,0,3,36
46,2018-03-19,3136,0,0,0,19,3,False,False,False,False,1,True,0,0,4,36
47,2018-03-20,3124,0,1,0,20,3,False,False,False,False,1,True,0,0,4,36
48,2018-03-21,2842,0,2,0,21,3,False,False,False,False,1,True,0,0,4,36
49,2018-03-22,3190,0,3,0,22,3,False,False,False,False,1,True,0,0,4,36
50,2018-03-23,3221,0,4,0,23,3,False,False,False,False,1,True,0,0,4,36
51,2018-03-24,1829,0,5,1,24,3,False,False,False,False,1,True,0,0,4,36
52,2018-03-25,1443,0,6,1,25,3,False,False,False,False,1,True,0,0,4,36
53,2018-03-26,3119,0,0,0,26,3,False,False,False,False,1,True,0,0,5,36
54,2018-03-27,2771,0,1,0,27,3,True,False,False,False,1,True,0,0,5,36
55,2018-03-28,2969,0,2,0,28,3,True,False,False,False,1,True,0,0,5,36
56,2018-03-29,3048,0,3,0,29,3,True,False,False,False,1,True,0,0,5,36
57,2018-03-30,2939,0,4,0,30,3,True,False,False,False,1,True,0,0,5,36
58,2018-03-31,2062,0,5,1,31,3,True,False,False,False,1,True,0,0,5,36
59,2018-04-01,1773,0,6,1,1,4,False,False,False,False,0,True,1,0,1,36
60,2018-04-02,3442,0,0,0,2,4,False,False,False,False,0,True,1,0,2,36
61,2018-04-03,2961,0,1,0,3,4,False,False,False,False,0,True,1,0,2,36
62,2018-04-04,3226,0,2,0,4,4,False,False,False,False,0,True,1,0,2,36
63,2018-04-05,3085,0,3,0,5,4,False,False,False,False,0,True,1,0,2,36
64,2018-04-06,3114,0,4,0,6,4,False,False,False,False,0,True,1,0,2,36
65,2018-04-07,2230,0,5,1,7,4,False,False,False,False,0,True,1,0,2,36
66,2018-04-08,1781,0,6,1,8,4,False,False,False,False,0,True,1,0,2,36
67,2018-04-09,3573,0,0,0,9,4,False,False,False,False,0,True,1,0,3,37
68,2018-04-10,3571,0,1,0,10,4,False,False,False,False,0,True,1,0,3,37
69,2018-04-11,3547,0,2,0,11,4,False,False,False,False,0,True,1,0,3,37
70,2018-04-12,3192,0,3,0,12,4,False,False,False,False,0,True,1,0,3,37
71,2018-04-13,3190,0,4,0,13,4,False,False,False,False,0,True,1,0,3,37
72,2018-04-14,2339,0,5,1,14,4,False,False,False,False,0,True,1,0,3,37
73,2018-04-15,1737,0,6,1,15,4,False,False,False,False,0,True,1,0,3,37
74,2018-04-16,3422,0,0,0,16,4,False,False,False,False,0,True,1,0,4,37
75,2018-04-17,3172,0,1,0,17,4,False,False,False,False,0,True,1,0,4,37
76,2018-04-18,3066,0,2,0,18,4,False,False,False,False,0,True,1,0,4,37
77,2018-04-19,2881,0,3,0,19,4,False,False,False,False,0,True,1,0,4,37
78,2018-04-20,3122,0,4,0,20,4,False,False,False,False,0,True,1,0,4,37
79,2018-04-21,2400,0,5,1,21,4,False,False,False,False,0,True,1,0,4,37
80,2018-04-22,1676,0,6,1,22,4,False,False,False,False,0,True,1,0,4,37
81,2018-04-23,2305,1,0,0,23,4,False,False,False,False,0,True,1,0,5,37
82,2018-04-24,3315,0,1,0,24,4,False,False,False,False,0,True,1,0,5,37
83,2018-04-25,3299,0,2,0,25,4,False,False,False,False,0,True,1,0,5,37
84,2018-04-26,3384,0,3,0,26,4,False,False,False,False,0,True,1,0,5,37
85,2018-04-27,3264,0,4,0,27,4,True,False,False,False,0,True,1,0,5,37
86,2018-04-28,2434,0,5,1,28,4,True,False,False,False,0,True,1,0,5,37
87,2018-04-29,1742,0,6,1,29,4,True,False,False,False,0,True,1,0,5,37
88,2018-04-30,3396,0,0,0,30,4,True,False,False,False,0,True,1,0,6,37
89,2018-05-01,2606,1,1,0,1,5,False,True,False,False,0,True,1,0,1,37
90,2018-05-02,3488,0,2,0,2,5,False,True,False,False,0,True,1,0,1,37
91,2018-05-03,3226,0,3,0,3,5,False,True,False,False,0,True,1,0,1,38
92,2018-05-04,3342,0,4,0,4,5,False,True,False,False,0,True,1,0,1,38
93,2018-08-10,3697,0,4,0,10,8,False,False,False,False,0,False,0,0,2,38
94,2018-08-11,3153,0,5,1,11,8,False,False,False,False,0,False,0,0,2,38
95,2018-08-12,2318,0,6,1,12,8,False,False,False,False,0,False,0,0,2,37
96,2018-08-13,4250,0,0,0,13,8,False,False,False,False,0,False,0,0,3,37
97,2018-08-14,3830,0,1,0,14,8,False,False,False,False,0,False,0,0,3,37
98,2018-08-15,4131,0,2,0,15,8,False,False,False,False,0,False,0,0,3,37
99,2018-08-16,4680,0,3,0,16,8,False,False,False,False,0,False,0,0,3,37
100,2018-08-17,4136,0,4,0,17,8,False,False,False,False,0,False,0,0,3,37
101,2018-08-18,3306,0,5,1,18,8,False,False,False,False,0,False,0,0,3,37
102,2018-08-19,2590,0,6,1,19,8,False,False,False,False,0,False,0,0,3,37
103,2018-08-20,3355,1,0,0,20,8,False,False,False,False,0,False,0,0,4,37
104,2018-08-21,1290,1,1,0,21,8,False,False,False,False,0,False,0,0,4,37
105,2018-08-22,1953,1,2,0,22,8,False,False,False,False,0,False,0,0,4,37
106,2018-08-23,1977,1,3,0,23,8,False,False,False,False,0,False,0,0,4,37
107,2018-08-24,2172,1,4,0,24,8,False,False,False,False,0,False,0,0,4,37
108,2018-08-25,2340,0,5,1,25,8,False,False,False,False,0,False,0,0,4,37
109,2018-08-26,2354,0,6,1,26,8,False,False,False,False,0,False,0,0,4,37
110,2018-08-27,4732,0,0,0,27,8,True,False,False,False,0,False,0,0,5,37
111,2018-08-28,4399,0,1,0,28,8,True,False,False,False,0,False,0,0,5,37
112,2018-08-29,4017,0,2,0,29,8,True,False,False,False,0,False,0,0,5,37
113,2018-08-30,3425,1,3,0,30,8,True,False,False,False,0,False,0,0,5,37
114,2018-08-31,3891,0,4,0,31,8,True,False,False,False,0,False,0,0,5,37
115,2018-09-01,3184,0,5,1,1,9,False,False,False,False,0,False,0,0,1,37
116,2018-09-02,2322,0,6,1,2,9,False,False,False,False,0,False,0,0,1,37
117,2018-09-03,4457,0,0,0,3,9,False,False,False,False,0,False,0,0,2,37
118,2018-09-04,4022,0,1,0,4,9,False,False,False,False,0,False,0,0,2,37
119,2018-09-05,4335,0,2,0,5,9,False,False,False,False,0,False,0,0,2,36
120,2018-09-06,3867,0,3,0,6,9,False,False,False,False,0,False,0,0,2,36
121,2018-09-07,3780,0,4,0,7,9,False,False,False,False,0,False,0,0,2,36
122,2018-09-08,2738,0,5,1,8,9,False,False,False,False,0,False,0,0,2,36
123,2018-09-09,2000,0,6,1,9,9,False,False,False,False,0,False,0,0,2,36
124,2018-09-10,3908,0,0,0,10,9,False,False,False,False,0,False,0,0,3,36
125,2018-09-11,3750,0,1,0,11,9,False,False,False,False,0,False,0,0,3,36
126,2018-09-12,3777,0,2,0,12,9,False,False,False,False,0,False,0,0,3,36
127,2018-09-13,3318,0,3,0,13,9,False,False,False,False,0,False,0,0,3,36
128,2018-09-14,3413,0,4,0,14,9,False,False,False,False,0,False,0,0,3,36
129,2018-09-15,2667,0,5,1,15,9,False,False,False,False,0,False,0,0,3,36
130,2018-09-16,1866,0,6,1,16,9,False,False,False,False,0,False,0,0,3,36
131,2018-09-17,3724,0,0,0,17,9,False,False,False,False,0,False,0,0,4,36
132,2018-09-18,3313,0,1,0,18,9,False,False,False,False,0,False,0,0,4,36
133,2018-09-19,3666,0,2,0,19,9,False,False,False,False,0,False,0,0,4,36
134,2018-09-20,3576,0,3,0,20,9,False,False,False,False,0,False,0,0,4,36
135,2018-09-21,3223,0,4,0,21,9,False,False,False,False,0,False,0,0,4,36
136,2018-09-22,2397,0,5,1,22,9,False,False,False,False,0,False,0,0,4,36
137,2018-09-23,1910,0,6,1,23,9,False,False,False,False,0,False,0,0,4,36
138,2018-09-24,3675,0,0,0,24,9,False,False,False,False,0,False,0,0,5,36
139,2018-09-25,3202,0,1,0,25,9,False,False,False,False,0,False,0,0,5,36
140,2018-09-26,3325,0,2,0,26,9,False,False,False,False,0,False,0,0,5,36
141,2018-09-27,3279,0,3,0,27,9,True,False,False,False,0,False,0,0,5,35
142,2018-09-28,3253,0,4,0,28,9,True,False,False,False,0,False,0,0,5,35
143,2018-09-29,2524,0,5,1,29,9,True,False,False,False,0,False,0,0,5,35
144,2018-09-30,1875,0,6,1,30,9,True,False,False,False,0,False,0,0,5,35
145,2018-10-01,3644,0,0,0,1,10,False,False,False,False,1,False,0,0,1,35
146,2018-10-02,3252,0,1,0,2,10,False,False,False,False,1,False,0,0,1,35
147,2018-10-03,3236,0,2,0,3,10,False,False,False,False,1,False,0,0,1,35
148,2018-10-04,3267,0,3,0,4,10,False,False,False,False,1,False,0,0,1,35
149,2018-10-05,3350,0,4,0,5,10,False,False,False,False,1,False,0,0,1,35
150,2018-10-06,2601,0,5,1,6,10,False,False,False,False,1,False,0,0,1,35
151,2018-10-07,1681,0,6,1,7,10,False,False,False,False,1,False,0,0,1,35
152,2018-10-08,3631,0,0,0,8,10,False,False,False,False,1,False,0,0,2,35
153,2018-10-09,3233,0,1,0,9,10,False,False,False,False,1,False,0,0,2,35
154,2018-10-10,3080,0,2,0,10,10,False,False,False,False,1,False,0,0,2,35
155,2018-10-11,2922,0,3,0,11,10,False,False,False,False,1,False,0,0,2,35
156,2018-10-12,3304,0,4,0,12,10,False,False,False,False,1,False,0,0,2,35
157,2018-10-13,2563,0,5,1,13,10,False,False,False,False,1,False,0,0,2,35
158,2018-10-14,1890,0,6,1,14,10,False,False,False,False,1,False,0,0,2,35
159,2018-10-15,3677,0,0,0,15,10,False,False,False,False,1,False,0,0,3,35
160,2018-10-16,3464,0,1,0,16,10,False,False,False,False,1,False,0,0,3,35
161,2018-10-17,3289,0,2,0,17,10,False,False,False,False,1,False,0,0,3,35
162,2018-10-18,3325,0,3,0,18,10,False,False,False,False,1,False,0,0,3,35
163,2018-10-19,3602,0,4,0,19,10,False,False,False,False,1,False,0,0,3,34
164,2018-10-20,2463,0,5,1,20,10,False,False,False,False,1,False,0,0,3,34
165,2018-10-21,1864,0,6,1,21,10,False,False,False,False,1,False,0,0,3,34
166,2018-10-22,3697,0,0,0,22,10,False,False,False,False,1,False,0,0,4,34
167,2018-10-23,3303,0,1,0,23,10,False,False,False,False,1,False,0,0,4,34
168,2018-10-24,3182,0,2,0,24,10,False,False,False,False,1,False,0,0,4,34
169,2018-10-25,3148,0,3,0,25,10,False,False,False,False,1,False,0,0,4,34
170,2018-10-26,3172,0,4,0,26,10,False,False,False,False,1,False,0,0,4,34
171,2018-10-27,2437,0,5,1,27,10,True,False,False,False,1,False,0,0,4,34
172,2018-10-28,1740,1,6,1,28,10,True,False,False,False,1,False,0,0,4,34
173,2018-10-29,2682,1,0,0,29,10,True,False,False,False,1,False,0,0,5,34
174,2018-10-30,3612,0,1,0,30,10,True,False,False,False,1,False,0,0,5,34
175,2018-10-31,3354,0,2,0,31,10,True,False,False,False,1,False,0,0,5,34
176,2018-11-01,3309,0,3,0,1,11,False,False,False,False,1,False,0,0,1,34
177,2018-11-02,3129,0,4,0,2,11,False,False,False,False,1,False,0,0,1,34
178,2018-11-03,2725,0,5,1,3,11,False,False,False,False,1,False,0,0,1,34
179,2018-11-04,1898,0,6,1,4,11,False,False,False,False,1,False,0,0,1,34
180,2018-11-05,3680,0,0,0,5,11,False,False,False,False,1,False,0,0,2,34
181,2018-11-06,3260,0,1,0,6,11,False,False,False,False,1,False,0,0,2,34
182,2018-11-07,3270,0,2,0,7,11,False,False,False,False,1,False,0,0,2,34
183,2018-11-08,3315,0,3,0,8,11,False,False,False,False,1,False,0,0,2,34
184,2018-11-09,3126,0,4,0,9,11,False,False,False,False,1,False,0,0,2,34
185,2018-11-10,2587,0,5,1,10,11,False,False,False,False,1,False,0,0,2,34
186,2018-11-11,1864,0,6,1,11,11,False,False,False,False,1,False,0,0,2,34
187,2018-11-12,3451,0,0,0,12,11,False,False,False,False,1,False,0,0,3,34
188,2018-11-13,3638,0,1,0,13,11,False,False,False,False,1,False,0,0,3,34
189,2018-11-14,3133,0,2,0,14,11,False,False,False,False,1,False,0,0,3,33
190,2018-11-15,3289,0,3,0,15,11,False,False,False,False,1,False,0,0,3,33
191,2018-11-16,3253,0,4,0,16,11,False,False,False,False,1,False,0,0,3,33
192,2018-11-17,2601,0,5,1,17,11,False,False,False,False,1,False,0,0,3,33
193,2018-11-18,2123,0,6,1,18,11,False,False,False,False,1,False,0,0,3,33
194,2018-11-20,4088,0,1,0,20,11,False,False,False,False,1,False,0,0,4,33
195,2018-11-21,4063,0,2,0,21,11,False,False,False,False,1,False,0,0,4,33
196,2018-11-22,4902,0,3,0,22,11,False,False,False,False,1,False,0,0,4,33
197,2018-11-23,4437,0,4,0,23,11,False,False,False,False,1,False,0,0,4,33
198,2018-11-24,3529,0,5,1,24,11,False,False,False,False,1,False,0,0,4,33
199,2018-11-25,2708,0,6,1,25,11,False,False,False,False,1,False,0,0,4,33
200,2018-11-26,4423,0,0,0,26,11,False,False,False,False,1,False,0,0,5,33
201,2018-11-27,4447,0,1,0,27,11,True,False,False,False,1,False,0,0,5,33
202,2018-11-28,4363,0,2,0,28,11,True,False,False,False,1,False,0,0,5,33
203,2018-11-29,3933,0,3,0,29,11,True,False,False,False,1,False,0,0,5,33
204,2018-11-30,4391,0,4,0,30,11,True,False,False,False,1,False,0,0,5,33
205,2018-12-01,4076,0,5,1,1,12,False,False,False,True,1,False,0,1,1,33
206,2018-12-02,2963,0,6,1,2,12,False,False,False,True,1,False,0,1,1,33
207,2018-12-03,4860,0,0,0,3,12,False,False,False,True,1,False,0,1,2,33
208,2018-12-04,4843,0,1,0,4,12,False,False,False,True,1,False,0,1,2,33
209,2018-12-05,4892,0,2,0,5,12,False,False,False,True,1,False,0,1,2,33
210,2018-12-06,4651,0,3,0,6,12,False,False,False,True,1,False,0,1,2,33
211,2018-12-07,4556,0,4,0,7,12,False,False,False,True,1,False,0,1,2,33
212,2018-12-08,3955,0,5,1,8,12,False,False,False,True,1,False,0,1,2,33
213,2018-12-09,3049,0,6,1,9,12,False,False,False,True,1,False,0,1,2,33
214,2018-12-10,5066,0,0,0,10,12,False,False,False,True,1,False,0,1,3,33
215,2018-12-11,4549,0,1,0,11,12,False,False,False,True,1,False,0,1,3,33
216,2018-12-12,4442,0,2,0,12,12,False,False,False,True,1,False,0,1,3,33
217,2018-12-13,4404,0,3,0,13,12,False,False,False,True,1,False,0,1,3,33
218,2018-12-14,4340,0,4,0,14,12,False,False,False,True,1,False,0,1,3,33
219,2018-12-15,4136,0,5,1,15,12,False,False,False,True,1,False,0,1,3,33
220,2018-12-16,3575,0,6,1,16,12,False,False,False,True,1,False,0,1,3,33
221,2018-12-17,5438,0,0,0,17,12,False,False,False,True,1,False,0,1,4,33
222,2018-12-18,5921,0,1,0,18,12,False,False,False,True,1,False,0,1,4,33
223,2018-12-19,6228,0,2,0,19,12,False,False,False,True,1,False,0,1,4,33
224,2018-12-20,5837,0,3,0,20,12,False,False,False,True,1,False,0,1,4,33
225,2018-12-21,5812,0,4,0,21,12,False,False,False,True,1,False,0,1,4,33
226,2018-12-22,4899,0,5,1,22,12,False,False,False,True,1,False,0,1,4,33
227,2018-12-23,3911,0,6,1,23,12,False,False,False,True,1,False,0,1,4,33
228,2018-12-24,6230,0,0,0,24,12,False,False,False,True,1,False,0,1,5,33
229,2018-12-25,7252,0,1,0,25,12,False,False,False,True,1,False,0,1,5,33
230,2018-12-26,7189,0,2,0,26,12,False,False,False,True,1,False,0,1,5,33
231,2018-12-27,6783,0,3,0,27,12,True,False,False,True,1,False,0,1,5,33
232,2018-12-28,6273,0,4,0,28,12,True,False,False,True,1,False,0,1,5,33
233,2018-12-29,6026,0,5,1,29,12,True,False,False,True,1,False,0,1,5,33
234,2018-12-30,5256,0,6,1,30,12,True,False,False,True,1,False,0,1,5,33
235,2018-12-31,8372,1,0,0,31,12,True,False,False,True,1,False,0,1,6,33
236,2019-01-01,3496,1,1,0,1,1,False,False,True,False,1,True,0,1,1,33
237,2019-01-02,5887,0,2,0,2,1,False,False,True,False,1,True,0,1,1,33
238,2019-01-03,5640,0,3,0,3,1,False,False,True,False,1,True,0,1,1,33
239,2019-01-04,5576,0,4,0,4,1,False,False,True,False,1,True,0,1,1,33
240,2019-01-05,4401,0,5,1,5,1,False,False,True,False,1,True,0,1,1,33
241,2019-01-06,3114,0,6,1,6,1,False,False,True,False,1,True,0,1,1,33
242,2019-01-07,6063,0,0,0,7,1,False,False,True,False,1,True,0,1,2,33
243,2019-01-08,5769,0,1,0,8,1,False,False,True,False,1,True,0,1,2,33
244,2019-01-09,5224,0,2,0,9,1,False,False,True,False,1,True,0,1,2,33
245,2019-01-10,5253,0,3,0,10,1,False,False,True,False,1,True,0,1,2,33
246,2019-01-11,5084,0,4,0,11,1,False,False,True,False,1,True,0,1,2,33
247,2019-01-12,4120,0,5,1,12,1,False,False,True,False,1,True,0,1,2,33
248,2019-01-13,3457,0,6,1,13,1,False,False,True,False,1,True,0,1,2,33
249,2019-01-14,5598,0,0,0,14,1,False,False,True,False,1,True,0,1,3,33
250,2019-01-15,5412,0,1,0,15,1,False,False,True,False,1,True,0,1,3,33
251,2019-01-16,5266,0,2,0,16,1,False,False,True,False,1,True,0,1,3,33
252,2019-01-17,5249,0,3,0,17,1,False,False,True,False,1,True,0,1,3,33
253,2019-01-18,5151,0,4,0,18,1,False,False,True,False,1,True,0,1,3,33
254,2019-01-19,4561,0,5,1,19,1,False,False,True,False,1,True,0,1,3,33
255,2019-01-20,3464,0,6,1,20,1,False,False,True,False,1,True,0,1,3,33
256,2019-01-21,6169,0,0,0,21,1,False,False,True,False,1,True,0,1,4,33
257,2019-01-22,5679,0,1,0,22,1,False,False,True,False,1,True,0,1,4,33
258,2019-01-23,5606,0,2,0,23,1,False,False,True,False,1,True,0,1,4,33
259,2019-01-24,5797,0,3,0,24,1,False,False,True,False,1,True,0,1,4,33
260,2019-01-25,6347,0,4,0,25,1,False,False,True,False,1,True,0,1,4,33
261,2019-01-26,4788,0,5,1,26,1,False,False,True,False,1,True,0,1,4,33
262,2019-01-27,4003,0,6,1,27,1,True,False,True,False,1,True,0,1,4,33
263,2019-01-28,6968,0,0,0,28,1,True,False,True,False,1,True,0,1,5,33
264,2019-01-29,7133,0,1,0,29,1,True,False,True,False,1,True,0,1,5,33
265,2019-01-30,7542,0,2,0,30,1,True,False,True,False,1,True,0,1,5,34
266,2019-01-31,7357,0,3,0,31,1,True,False,True,False,1,True,0,1,5,34
267,2019-02-01,4882,0,4,0,1,2,False,False,False,False,1,True,0,1,1,34
268,2019-02-02,3068,0,5,1,2,2,False,False,False,False,1,True,0,1,1,34
269,2019-02-03,2162,0,6,1,3,2,False,False,False,False,1,True,0,1,1,34
270,2019-02-04,3728,0,0,0,4,2,False,False,False,False,1,True,0,1,2,34
271,2019-02-05,3491,0,1,0,5,2,False,False,False,False,1,True,0,1,2,34
272,2019-02-06,3405,0,2,0,6,2,False,False,False,False,1,True,0,1,2,34
273,2019-02-07,3357,0,3,0,7,2,False,False,False,False,1,True,0,1,2,34
274,2019-02-08,2884,0,4,0,8,2,False,False,False,False,1,True,0,1,2,34
275,2019-02-09,2403,0,5,1,9,2,False,False,False,False,1,True,0,1,2,34
276,2019-02-10,1861,0,6,1,10,2,False,False,False,False,1,True,0,1,2,34
277,2019-02-11,3491,0,0,0,11,2,False,False,False,False,1,True,0,1,3,34
278,2019-02-12,3078,0,1,0,12,2,False,False,False,False,1,True,0,1,3,34
279,2019-02-13,2879,0,2,0,13,2,False,False,False,False,1,True,0,1,3,34
280,2019-02-14,2937,0,3,0,14,2,False,False,False,False,1,True,0,1,3,34
281,2019-02-15,3044,0,4,0,15,2,False,False,False,False,1,True,0,1,3,34
282,2019-02-16,2390,0,5,1,16,2,False,False,False,False,1,True,0,1,3,34
283,2019-02-17,1948,0,6,1,17,2,False,False,False,False,1,True,0,1,3,34
284,2019-02-18,3787,0,0,0,18,2,False,False,False,False,1,True,0,1,4,34
285,2019-02-19,3058,0,1,0,19,2,False,False,False,False,1,True,0,1,4,34
286,2019-02-20,2847,0,2,0,20,2,False,False,False,False,1,True,0,1,4,34
287,2019-02-21,2913,0,3,0,21,2,False,False,False,False,1,True,0,1,4,34
288,2019-02-22,3051,0,4,0,22,2,False,False,False,False,1,True,0,1,4,34
289,2019-02-23,2318,0,5,1,23,2,False,False,False,False,1,True,0,1,4,34
290,2019-02-24,1744,0,6,1,24,2,False,False,False,False,1,True,0,1,4,35
291,2019-02-25,3561,0,0,0,25,2,False,False,False,False,1,True,0,1,5,35
292,2019-02-26,3253,0,1,0,26,2,False,False,False,False,1,True,0,1,5,35
293,2019-02-27,3257,0,2,0,27,2,True,False,False,False,1,True,0,1,5,35
294,2019-02-28,2896,0,3,0,28,2,True,False,False,False,1,True,0,1,5,35
295,2019-03-01,3920,0,4,0,1,3,False,False,False,False,1,True,0,0,1,35
296,2019-03-02,2286,0,5,1,2,3,False,False,False,False,1,True,0,0,1,35
297,2019-03-03,1762,0,6,1,3,3,False,False,False,False,1,True,0,0,1,35
298,2019-03-04,3291,0,0,0,4,3,False,False,False,False,1,True,0,0,2,35
299,2019-03-05,3075,0,1,0,5,3,False,False,False,False,1,True,0,0,2,35
300,2019-03-06,3002,0,2,0,6,3,False,False,False,False,1,True,0,0,2,35
301,2019-03-07,2913,0,3,0,7,3,False,False,False,False,1,True,0,0,2,35
302,2019-03-08,2896,0,4,0,8,3,False,False,False,False,1,True,0,0,2,35
303,2019-03-09,2412,0,5,1,9,3,False,False,False,False,1,True,0,0,2,35
304,2019-03-10,1771,0,6,1,10,3,False,False,False,False,1,True,0,0,2,35
305,2019-03-11,3651,0,0,0,11,3,False,False,False,False,1,True,0,0,3,35
306,2019-03-12,2828,0,1,0,12,3,False,False,False,False,1,True,0,0,3,35
307,2019-03-13,3284,0,2,0,13,3,False,False,False,False,1,True,0,0,3,35
308,2019-03-14,2839,0,3,0,14,3,False,False,False,False,1,True,0,0,3,35
309,2019-03-15,3141,0,4,0,15,3,False,False,False,False,1,True,0,0,3,35
310,2019-03-16,2441,0,5,1,16,3,False,False,False,False,1,True,0,0,3,35
311,2019-03-17,2046,0,6,1,17,3,False,False,False,False,1,True,0,0,3,35
312,2019-03-18,3527,0,0,0,18,3,False,False,False,False,1,True,0,0,4,36
313,2019-03-19,3381,0,1,0,19,3,False,False,False,False,1,True,0,0,4,36
314,2019-03-20,3332,0,2,0,20,3,False,False,False,False,1,True,0,0,4,36
315,2019-03-21,3207,0,3,0,21,3,False,False,False,False,1,True,0,0,4,36
316,2019-03-22,3422,0,4,0,22,3,False,False,False,False,1,True,0,0,4,36
317,2019-03-23,2347,0,5,1,23,3,False,False,False,False,1,True,0,0,4,36
318,2019-03-24,1927,0,6,1,24,3,False,False,False,False,1,True,0,0,4,36
319,2019-03-25,3641,0,0,0,25,3,False,False,False,False,1,True,0,0,5,36
320,2019-03-26,3394,0,1,0,26,3,False,False,False,False,1,True,0,0,5,36
321,2019-03-27,3393,0,2,0,27,3,True,False,False,False,1,True,0,0,5,36
322,2019-03-28,3350,0,3,0,28,3,True,False,False,False,1,True,0,0,5,36
323,2019-03-29,3320,0,4,0,29,3,True,False,False,False,1,True,0,0,5,36
324,2019-03-30,2587,0,5,1,30,3,True,False,False,False,1,True,0,0,5,36
325,2019-03-31,1626,0,6,1,31,3,True,False,False,False,1,True,0,0,5,36
326,2019-04-01,3537,0,0,0,1,4,False,False,False,False,0,True,1,0,1,36
327,2019-04-02,3265,0,1,0,2,4,False,False,False,False,0,True,1,0,1,36
328,2019-04-03,3607,0,2,0,3,4,False,False,False,False,0,True,1,0,1,36
329,2019-04-04,3262,0,3,0,4,4,False,False,False,False,0,True,1,0,1,36
330,2019-04-05,3236,0,4,0,5,4,False,False,False,False,0,True,1,0,1,36
331,2019-04-06,2308,0,5,1,6,4,False,False,False,False,0,True,1,0,1,36
332,2019-04-07,1977,0,6,1,7,4,False,False,False,False,0,True,1,0,1,36
333,2019-04-08,3653,0,0,0,8,4,False,False,False,False,0,True,1,0,2,36
334,2019-04-09,3333,0,1,0,9,4,False,False,False,False,0,True,1,0,2,37
335,2019-04-10,3204,0,2,0,10,4,False,False,False,False,0,True,1,0,2,37
336,2019-04-11,3112,0,3,0,11,4,False,False,False,False,0,True,1,0,2,37
337,2019-04-12,3141,0,4,0,12,4,False,False,False,False,0,True,1,0,2,37
338,2019-04-14,1751,0,6,1,14,4,False,False,False,False,0,True,1,0,2,37
339,2019-04-15,3748,0,0,0,15,4,False,False,False,False,0,True,1,0,3,37
340,2019-04-16,3456,0,1,0,16,4,False,False,False,False,0,True,1,0,3,37
341,2019-04-17,3366,0,2,0,17,4,False,False,False,False,0,True,1,0,3,37
342,2019-04-18,3236,0,3,0,18,4,False,False,False,False,0,True,1,0,3,37
343,2019-04-19,3019,0,4,0,19,4,False,False,False,False,0,True,1,0,3,37
344,2019-04-20,2502,0,5,1,20,4,False,False,False,False,0,True,1,0,3,37
345,2019-04-21,1705,0,6,1,21,4,False,False,False,False,0,True,1,0,3,37
346,2019-04-22,3418,0,0,0,22,4,False,False,False,False,0,True,1,0,4,37
347,2019-04-23,2558,1,1,0,23,4,False,False,False,False,0,True,1,0,4,37
348,2019-04-24,3313,0,2,0,24,4,False,False,False,False,0,True,1,0,4,37
349,2019-04-25,3230,0,3,0,25,4,False,False,False,False,0,True,1,0,4,37
350,2019-04-26,3275,0,4,0,26,4,False,False,False,False,0,True,1,0,4,37
351,2019-04-27,2383,0,5,1,27,4,True,False,False,False,0,True,1,0,4,37
352,2019-04-28,1739,0,6,1,28,4,True,False,False,False,0,True,1,0,4,37
353,2019-04-29,3542,0,0,0,29,4,True,False,False,False,0,True,1,0,5,37
354,2019-04-30,3366,0,1,0,30,4,True,False,False,False,0,True,1,0,5,37
355,2019-05-01,2570,1,2,0,1,5,False,True,False,False,0,True,1,0,1,37
356,2019-05-02,3274,0,3,0,2,5,False,True,False,False,0,True,1,0,1,37
357,2019-05-03,3258,0,4,0,3,5,False,True,False,False,0,True,1,0,1,38
358,2019-05-04,2665,0,5,1,4,5,False,True,False,False,0,True,1,0,1,38
359,2019-05-05,1808,0,6,1,5,5,False,True,False,False,0,True,1,0,1,38
360,2019-05-06,3197,0,0,0,6,5,False,True,False,False,0,True,1,0,2,38
361,2019-05-07,3151,0,1,0,7,5,False,True,False,False,0,True,1,0,2,38
362,2019-05-08,3294,0,2,0,8,5,False,True,False,False,0,True,1,0,2,38
363,2019-05-09,3252,0,3,0,9,5,False,True,False,False,0,True,1,0,2,38
364,2019-05-10,3345,0,4,0,10,5,False,True,False,False,0,True,1,0,2,38
365,2019-05-11,2551,0,5,1,11,5,False,True,False,False,0,True,1,0,2,38
366,2019-05-12,1875,0,6,1,12,5,False,True,False,False,0,True,1,0,2,38
367,2019-05-13,3464,0,0,0,13,5,False,True,False,False,0,True,1,0,3,38
368,2019-05-14,3247,0,1,0,14,5,False,True,False,False,0,True,1,0,3,38
369,2019-05-15,3355,0,2,0,15,5,False,True,False,False,0,True,1,0,3,38
370,2019-05-16,3454,0,3,0,16,5,False,True,False,False,0,True,1,0,3,38
371,2019-05-17,3014,0,4,0,17,5,False,True,False,False,0,True,1,0,3,38
372,2019-05-18,2431,0,5,1,18,5,False,True,False,False,0,True,1,0,3,38
373,2019-05-19,1769,1,6,1,19,5,False,True,False,False,0,True,1,0,3,38
374,2019-05-20,3479,0,0,0,20,5,False,True,False,False,0,True,1,0,4,38
375,2019-05-21,3415,0,1,0,21,5,False,True,False,False,0,True,1,0,4,38
376,2019-05-22,3155,0,2,0,22,5,False,True,False,False,0,True,1,0,4,38
377,2019-05-23,3029,0,3,0,23,5,False,True,False,False,0,True,1,0,4,38
378,2019-05-24,3369,0,4,0,24,5,False,True,False,False,0,True,1,0,4,38
379,2019-05-25,2716,0,5,1,25,5,False,True,False,False,0,True,1,0,4,38
380,2019-05-26,2096,0,6,1,26,5,False,True,False,False,0,True,1,0,4,38
381,2019-05-27,4115,0,0,0,27,5,True,True,False,False,0,True,1,0,5,38
382,2019-05-28,3649,0,1,0,28,5,True,True,False,False,0,True,1,0,5,38
383,2019-05-29,3785,0,2,0,29,5,True,True,False,False,0,True,1,0,5,38
384,2019-05-30,3763,0,3,0,30,5,True,True,False,False,0,True,1,0,5,38
385,2019-05-31,4122,0,4,0,31,5,True,True,False,False,0,True,1,0,5,38
386,2019-06-01,3972,0,5,1,1,6,False,True,False,False,0,True,1,0,1,38
387,2019-06-02,2643,0,6,1,2,6,False,True,False,False,0,True,1,0,1,38
388,2019-06-03,3301,1,0,0,3,6,False,True,False,False,0,True,1,0,2,38
389,2019-06-04,1679,1,1,0,4,6,False,True,False,False,0,True,1,0,2,38
390,2019-06-05,1825,1,2,0,5,6,False,True,False,False,0,True,1,0,2,38
391,2019-06-06,1919,1,3,0,6,6,False,True,False,False,0,True,1,0,2,39
392,2019-06-07,2903,0,4,0,7,6,False,True,False,False,0,True,1,0,2,39
393,2019-06-08,2692,0,5,1,8,6,False,True,False,False,0,True,1,0,2,39
394,2019-06-09,2262,0,6,1,9,6,False,True,False,False,0,True,1,0,2,39
395,2019-06-10,4341,0,0,0,10,6,False,True,False,False,0,True,1,0,3,39
396,2019-06-11,3898,0,1,0,11,6,False,True,False,False,0,True,1,0,3,39
397,2019-06-12,3527,0,2,0,12,6,False,True,False,False,0,True,1,0,3,39
398,2019-06-13,3435,0,3,0,13,6,False,True,False,False,0,True,1,0,3,39
399,2019-06-14,3461,0,4,0,14,6,False,True,False,False,0,True,1,0,3,39
400,2019-06-15,2827,0,5,1,15,6,False,True,False,False,0,True,1,0,3,39
401,2019-06-16,2102,0,6,1,16,6,False,True,False,False,0,True,1,0,3,39
402,2019-06-17,3680,0,0,0,17,6,False,True,False,False,0,True,1,0,4,39
403,2019-06-18,3473,0,1,0,18,6,False,True,False,False,0,True,1,0,4,39
404,2019-06-19,3502,0,2,0,19,6,False,True,False,False,0,True,1,0,4,39
405,2019-06-20,3224,0,3,0,20,6,False,True,False,False,0,True,1,0,4,39
406,2019-06-21,3598,0,4,0,21,6,False,True,False,False,0,True,1,0,4,39
407,2019-06-22,2619,0,5,1,22,6,False,True,False,False,0,True,1,0,4,39
408,2019-06-23,2072,0,6,1,23,6,False,True,False,False,0,True,1,0,4,39
409,2019-06-24,3646,0,0,0,24,6,False,True,False,False,0,True,1,0,5,39
410,2019-06-25,3777,0,1,0,25,6,False,True,False,False,0,True,1,0,5,39
411,2019-06-26,4074,0,2,0,26,6,False,True,False,False,0,True,1,0,5,39
412,2019-06-27,3553,0,3,0,27,6,True,True,False,False,0,True,1,0,5,39
413,2019-06-28,3394,0,4,0,28,6,True,True,False,False,0,True,1,0,5,39
414,2019-06-29,2612,0,5,1,29,6,True,True,False,False,0,True,1,0,5,39
415,2019-06-30,2193,0,6,1,30,6,True,True,False,False,0,True,1,0,5,39
416,2019-07-01,3765,0,0,0,1,7,False,True,False,False,0,False,0,0,1,39
417,2019-07-02,3604,0,1,0,2,7,False,True,False,False,0,False,0,0,1,39
418,2019-07-03,3352,0,2,0,3,7,False,True,False,False,0,False,0,0,1,39
419,2019-07-04,3243,0,3,0,4,7,False,True,False,False,0,False,0,0,1,39
420,2019-07-05,3435,0,4,0,5,7,False,True,False,False,0,False,0,0,1,39
421,2019-07-06,2663,0,5,1,6,7,False,True,False,False,0,False,0,0,1,39
422,2019-07-07,1963,0,6,1,7,7,False,True,False,False,0,False,0,0,1,39
423,2019-07-08,3632,0,0,0,8,7,False,True,False,False,0,False,0,0,2,39
424,2019-07-09,3680,0,1,0,9,7,False,True,False,False,0,False,0,0,2,38
425,2019-07-10,3855,0,2,0,10,7,False,True,False,False,0,False,0,0,2,38
426,2019-07-11,3564,0,3,0,11,7,False,True,False,False,0,False,0,0,2,38
427,2019-07-12,3427,0,4,0,12,7,False,True,False,False,0,False,0,0,2,38
428,2019-07-13,2650,0,5,1,13,7,False,True,False,False,0,False,0,0,2,38
429,2019-07-14,1810,0,6,1,14,7,False,True,False,False,0,False,0,0,2,38
430,2019-07-15,2794,1,0,0,15,7,False,True,False,False,0,False,0,0,3,38
431,2019-07-16,3918,0,1,0,16,7,False,True,False,False,0,False,0,0,3,38
432,2019-07-17,3296,0,2,0,17,7,False,True,False,False,0,False,0,0,3,38
433,2019-07-18,3136,0,3,0,18,7,False,True,False,False,0,False,0,0,3,38
434,2019-07-19,3267,0,4,0,19,7,False,True,False,False,0,False,0,0,3,38
435,2019-07-20,2556,0,5,1,20,7,False,True,False,False,0,False,0,0,3,38
436,2019-07-21,1842,0,6,1,21,7,False,True,False,False,0,False,0,0,3,38
437,2019-07-22,3736,0,0,0,22,7,False,True,False,False,0,False,0,0,4,38
438,2019-07-23,3332,0,1,0,23,7,False,True,False,False,0,False,0,0,4,38
439,2019-07-24,3104,0,2,0,24,7,False,True,False,False,0,False,0,0,4,38
440,2019-07-25,3082,0,3,0,25,7,False,True,False,False,0,False,0,0,4,38
441,2019-07-26,3099,0,4,0,26,7,False,True,False,False,0,False,0,0,4,38
442,2019-07-27,2427,0,5,1,27,7,True,True,False,False,0,False,0,0,4,38
443,2019-07-28,1931,0,6,1,28,7,True,True,False,False,0,False,0,0,4,38
444,2019-07-29,3379,0,0,0,29,7,True,True,False,False,0,False,0,0,5,38
445,2019-07-30,3048,0,1,0,30,7,True,True,False,False,0,False,0,0,5,38
446,2019-07-31,3235,0,2,0,31,7,True,True,False,False,0,False,0,0,5,38
447,2019-08-01,3541,0,3,0,1,8,False,False,False,False,0,False,0,0,1,38
448,2019-08-02,3253,0,4,0,2,8,False,False,False,False,0,False,0,0,1,38
449,2019-08-03,2468,0,5,1,3,8,False,False,False,False,0,False,0,0,1,38
450,2019-08-04,1793,0,6,1,4,8,False,False,False,False,0,False,0,0,1,38
451,2019-08-05,3355,0,0,0,5,8,False,False,False,False,0,False,0,0,2,38
452,2019-08-06,3462,0,1,0,6,8,False,False,False,False,0,False,0,0,2,38
453,2019-08-07,3507,0,2,0,7,8,False,False,False,False,0,False,0,0,2,38
454,2019-08-08,4722,0,3,0,8,8,False,False,False,False,0,False,0,0,2,38
455,2019-08-09,7658,0,4,0,9,8,False,False,False,False,0,False,0,0,2,38
456,2019-08-10,7466,1,5,1,10,8,False,False,False,False,0,False,0,0,2,38
457,2019-08-11,3916,1,6,1,11,8,False,False,False,False,0,False,0,0,2,38
458,2019-08-12,4777,1,0,0,12,8,False,False,False,False,0,False,0,0,3,37
459,2019-08-13,4338,1,1,0,13,8,False,False,False,False,0,False,0,0,3,37
460,2019-08-14,4207,1,2,0,14,8,False,False,False,False,0,False,0,0,3,37
461,2019-08-15,5458,0,3,0,15,8,False,False,False,False,0,False,0,0,3,37
462,2019-08-16,4880,0,4,0,16,8,False,False,False,False,0,False,0,0,3,37
463,2019-08-17,4569,0,5,1,17,8,False,False,False,False,0,False,0,0,3,37
464,2019-08-18,4006,0,6,1,18,8,False,False,False,False,0,False,0,0,3,37
465,2019-08-19,6354,0,0,0,19,8,False,False,False,False,0,False,0,0,4,37
466,2019-08-20,5091,0,1,0,20,8,False,False,False,False,0,False,0,0,4,37
467,2019-08-21,4595,0,2,0,21,8,False,False,False,False,0,False,0,0,4,37
468,2019-08-22,3976,0,3,0,22,8,False,False,False,False,0,False,0,0,4,37
469,2019-08-23,3811,0,4,0,23,8,False,False,False,False,0,False,0,0,4,37
470,2019-08-24,3364,0,5,1,24,8,False,False,False,False,0,False,0,0,4,37
471,2019-08-25,2723,0,6,1,25,8,False,False,False,False,0,False,0,0,4,37
472,2019-08-26,4586,0,0,0,26,8,False,False,False,False,0,False,0,0,5,37
473,2019-08-27,3753,0,1,0,27,8,True,False,False,False,0,False,0,0,5,37
474,2019-08-28,3745,0,2,0,28,8,True,False,False,False,0,False,0,0,5,37
475,2019-08-29,3979,0,3,0,29,8,True,False,False,False,0,False,0,0,5,37
476,2019-08-30,2816,1,4,0,30,8,True,False,False,False,0,False,0,0,5,37
477,2019-08-31,2924,0,5,1,31,8,True,False,False,False,0,False,0,0,5,37
478,2019-09-01,2352,0,6,1,1,9,False,False,False,False,0,False,0,0,1,37
479,2019-09-02,4117,0,0,0,2,9,False,False,False,False,0,False,0,0,2,37
480,2019-09-03,3860,0,1,0,3,9,False,False,False,False,0,False,0,0,2,37
481,2019-09-04,3556,0,2,0,4,9,False,False,False,False,0,False,0,0,2,37
482,2019-09-05,3585,0,3,0,5,9,False,False,False,False,0,False,0,0,2,36
483,2019-09-06,3605,0,4,0,6,9,False,False,False,False,0,False,0,0,2,36
484,2019-09-07,2709,0,5,1,7,9,False,False,False,False,0,False,0,0,2,36
485,2019-09-08,2109,0,6,1,8,9,False,False,False,False,0,False,0,0,2,36
486,2019-09-09,3767,0,0,0,9,9,False,False,False,False,0,False,0,0,3,36
487,2019-09-10,3799,0,1,0,10,9,False,False,False,False,0,False,0,0,3,36
488,2019-09-11,3481,0,2,0,11,9,False,False,False,False,0,False,0,0,3,36
489,2019-09-12,3337,0,3,0,12,9,False,False,False,False,0,False,0,0,3,36
490,2019-09-13,3065,0,4,0,13,9,False,False,False,False,0,False,0,0,3,36
491,2019-09-14,2903,0,5,1,14,9,False,False,False,False,0,False,0,0,3,36
492,2019-09-15,2357,0,6,1,15,9,False,False,False,False,0,False,0,0,3,36
493,2019-09-16,3806,0,0,0,16,9,False,False,False,False,0,False,0,0,4,36
494,2019-09-17,4362,0,1,0,17,9,False,False,False,False,0,False,0,0,4,36
495,2019-09-18,3835,0,2,0,18,9,False,False,False,False,0,False,0,0,4,36
496,2019-09-19,3821,0,3,0,19,9,False,False,False,False,0,False,0,0,4,36
497,2019-09-20,3760,0,4,0,20,9,False,False,False,False,0,False,0,0,4,36
498,2019-09-21,3000,0,5,1,21,9,False,False,False,False,0,False,0,0,4,36
499,2019-09-22,2521,0,6,1,22,9,False,False,False,False,0,False,0,0,4,36
500,2019-09-23,3915,0,0,0,23,9,False,False,False,False,0,False,0,0,5,36
501,2019-09-24,3770,0,1,0,24,9,False,False,False,False,0,False,0,0,5,36
502,2019-09-25,3680,0,2,0,25,9,False,False,False,False,0,False,0,0,5,36
503,2019-09-26,3241,0,3,0,26,9,False,False,False,False,0,False,0,0,5,36
504,2019-09-27,3765,0,4,0,27,9,True,False,False,False,0,False,0,0,5,35
505,2019-09-28,3083,0,5,1,28,9,True,False,False,False,0,False,0,0,5,35
506,2019-09-29,2558,0,6,1,29,9,True,False,False,False,0,False,0,0,5,35
507,2019-09-30,4129,0,0,0,30,9,True,False,False,False,0,False,0,0,6,35
508,2019-10-01,4086,0,1,0,1,10,False,False,False,False,1,False,0,0,1,35
509,2019-10-02,3833,0,2,0,2,10,False,False,False,False,1,False,0,0,1,35
510,2019-10-03,3801,0,3,0,3,10,False,False,False,False,1,False,0,0,1,35
511,2019-10-04,3933,0,4,0,4,10,False,False,False,False,1,False,0,0,1,35
512,2019-10-05,2969,0,5,1,5,10,False,False,False,False,1,False,0,0,1,35
513,2019-10-06,2465,0,6,1,6,10,False,False,False,False,1,False,0,0,1,35
514,2019-10-07,4469,0,0,0,7,10,False,False,False,False,1,False,0,0,2,35
515,2019-10-08,3711,0,1,0,8,10,False,False,False,False,1,False,0,0,2,35
516,2019-10-09,3753,0,2,0,9,10,False,False,False,False,1,False,0,0,2,35
517,2019-10-10,3632,0,3,0,10,10,False,False,False,False,1,False,0,0,2,35
518,2019-10-11,3760,0,4,0,11,10,False,False,False,False,1,False,0,0,2,35
519,2019-10-12,2878,0,5,1,12,10,False,False,False,False,1,False,0,0,2,35
520,2019-10-13,2422,0,6,1,13,10,False,False,False,False,1,False,0,0,2,35
521,2019-10-14,4012,0,0,0,14,10,False,False,False,False,1,False,0,0,3,35
522,2019-10-15,3852,0,1,0,15,10,False,False,False,False,1,False,0,0,3,35
523,2019-10-16,3791,0,2,0,16,10,False,False,False,False,1,False,0,0,3,35
524,2019-10-17,3915,0,3,0,17,10,False,False,False,False,1,False,0,0,3,35
525,2019-10-18,3933,0,4,0,18,10,False,False,False,False,1,False,0,0,3,35
526,2019-10-19,3158,0,5,1,19,10,False,False,False,False,1,False,0,0,3,35
527,2019-10-20,2476,0,6,1,20,10,False,False,False,False,1,False,0,0,3,34
528,2019-10-21,4304,0,0,0,21,10,False,False,False,False,1,False,0,0,4,34
529,2019-10-22,3690,0,1,0,22,10,False,False,False,False,1,False,0,0,4,34
530,2019-10-24,4073,0,3,0,24,10,False,False,False,False,1,False,0,0,4,34
531,2019-10-25,4131,0,4,0,25,10,False,False,False,False,1,False,0,0,4,34
532,2019-10-26,3131,0,5,1,26,10,False,False,False,False,1,False,0,0,4,34
533,2019-10-27,2351,0,6,1,27,10,True,False,False,False,1,False,0,0,4,34
534,2019-10-28,3942,1,0,0,28,10,True,False,False,False,1,False,0,0,5,34
535,2019-10-29,2857,1,1,0,29,10,True,False,False,False,1,False,0,0,5,34
536,2019-10-30,4233,0,2,0,30,10,True,False,False,False,1,False,0,0,5,34
537,2019-10-31,3870,0,3,0,31,10,True,False,False,False,1,False,0,0,5,34
538,2019-11-01,4100,0,4,0,1,11,False,False,False,False,1,False,0,0,1,34
539,2019-11-02,3366,0,5,1,2,11,False,False,False,False,1,False,0,0,1,34
540,2019-11-03,2560,0,6,1,3,11,False,False,False,False,1,False,0,0,1,34
541,2019-11-04,3609,0,0,0,4,11,False,False,False,False,1,False,0,0,2,34
542,2019-11-05,3510,0,1,0,5,11,False,False,False,False,1,False,0,0,2,34
543,2019-11-06,3180,0,2,0,6,11,False,False,False,False,1,False,0,0,2,34
544,2019-11-07,3277,0,3,0,7,11,False,False,False,False,1,False,0,0,2,34
545,2019-11-08,3133,0,4,0,8,11,False,False,False,False,1,False,0,0,2,34
546,2019-11-09,2551,0,5,1,9,11,False,False,False,False,1,False,0,0,2,34
547,2019-11-10,1960,0,6,1,10,11,False,False,False,False,1,False,0,0,2,34
548,2019-11-11,3554,0,0,0,11,11,False,False,False,False,1,False,0,0,3,34
549,2019-11-12,3316,0,1,0,12,11,False,False,False,False,1,False,0,0,3,34
550,2019-11-13,2990,0,2,0,13,11,False,False,False,False,1,False,0,0,3,34
551,2019-11-14,2958,0,3,0,14,11,False,False,False,False,1,False,0,0,3,33
552,2019-11-15,3275,0,4,0,15,11,False,False,False,False,1,False,0,0,3,33
553,2019-11-16,2682,0,5,1,16,11,False,False,False,False,1,False,0,0,3,33
554,2019-11-17,1892,0,6,1,17,11,False,False,False,False,1,False,0,0,3,33
555,2019-11-18,3403,0,0,0,18,11,False,False,False,False,1,False,0,0,4,33
556,2019-11-19,3257,0,1,0,19,11,False,False,False,False,1,False,0,0,4,33
557,2019-11-20,3138,0,2,0,20,11,False,False,False,False,1,False,0,0,4,33
558,2019-11-21,3231,0,3,0,21,11,False,False,False,False,1,False,0,0,4,33
559,2019-11-22,2830,0,4,0,22,11,False,False,False,False,1,False,0,0,4,33
560,2019-11-23,2385,0,5,1,23,11,False,False,False,False,1,False,0,0,4,33
561,2019-11-24,2016,0,6,1,24,11,False,False,False,False,1,False,0,0,4,33
562,2019-11-25,3388,0,0,0,25,11,False,False,False,False,1,False,0,0,5,33
563,2019-11-26,3255,0,1,0,26,11,False,False,False,False,1,False,0,0,5,33
564,2019-11-27,3289,0,2,0,27,11,True,False,False,False,1,False,0,0,5,33
565,2019-11-28,3095,0,3,0,28,11,True,False,False,False,1,False,0,0,5,33
566,2019-11-29,3032,0,4,0,29,11,True,False,False,False,1,False,0,0,5,33
567,2019-11-30,2499,0,5,1,30,11,True,False,False,False,1,False,0,0,5,33
568,2019-12-01,2101,0,6,1,1,12,False,False,False,True,1,False,0,1,1,33
569,2019-12-02,3638,0,0,0,2,12,False,False,False,True,1,False,0,1,2,33
570,2019-12-03,3488,0,1,0,3,12,False,False,False,True,1,False,0,1,2,33
571,2019-12-04,3202,0,2,0,4,12,False,False,False,True,1,False,0,1,2,33
572,2019-12-05,3568,0,3,0,5,12,False,False,False,True,1,False,0,1,2,33
573,2019-12-06,3338,0,4,0,6,12,False,False,False,True,1,False,0,1,2,33
574,2019-12-07,2879,0,5,1,7,12,False,False,False,True,1,False,0,1,2,33
575,2019-12-08,2099,0,6,1,8,12,False,False,False,True,1,False,0,1,2,33
576,2019-12-09,3879,0,0,0,9,12,False,False,False,True,1,False,0,1,3,33
577,2019-12-10,3692,0,1,0,10,12,False,False,False,True,1,False,0,1,3,33
578,2019-12-11,3881,0,2,0,11,12,False,False,False,True,1,False,0,1,3,33
579,2019-12-12,3904,0,3,0,12,12,False,False,False,True,1,False,0,1,3,33
580,2019-12-13,3874,0,4,0,13,12,False,False,False,True,1,False,0,1,3,33
581,2019-12-14,3600,0,5,1,14,12,False,False,False,True,1,False,0,1,3,33
582,2019-12-15,2694,0,6,1,15,12,False,False,False,True,1,False,0,1,3,33
583,2019-12-16,4413,0,0,0,16,12,False,False,False,True,1,False,0,1,4,33
584,2019-12-17,4161,0,1,0,17,12,False,False,False,True,1,False,0,1,4,33
585,2019-12-18,4013,0,2,0,18,12,False,False,False,True,1,False,0,1,4,33
586,2019-12-19,4165,0,3,0,19,12,False,False,False,True,1,False,0,1,4,33
587,2019-12-20,4083,0,4,0,20,12,False,False,False,True,1,False,0,1,4,33
588,2019-12-21,3384,0,5,1,21,12,False,False,False,True,1,False,0,1,4,33
589,2019-12-22,2380,0,6,1,22,12,False,False,False,True,1,False,0,1,4,33
590,2019-12-23,4229,0,0,0,23,12,False,False,False,True,1,False,0,1,5,33
591,2019-12-24,4171,0,1,0,24,12,False,False,False,True,1,False,0,1,5,33
592,2019-12-25,4173,0,2,0,25,12,False,False,False,True,1,False,0,1,5,33
593,2019-12-26,4290,0,3,0,26,12,False,False,False,True,1,False,0,1,5,33
594,2019-12-27,3964,0,4,0,27,12,True,False,False,True,1,False,0,1,5,33
595,2019-12-28,3631,0,5,1,28,12,True,False,False,True,1,False,0,1,5,33
596,2019-12-29,2825,0,6,1,29,12,True,False,False,True,1,False,0,1,5,33
597,2019-12-30,4909,0,0,0,30,12,True,False,False,True,1,False,0,1,6,33
598,2019-12-31,5038,1,1,0,31,12,True,False,False,True,1,False,0,1,6,33
599,2020-01-01,2329,1,2,0,1,1,False,False,True,False,1,True,0,1,1,33
600,2020-01-02,3757,0,3,0,2,1,False,False,True,False,1,True,0,1,1,33
601,2020-01-03,3896,0,4,0,3,1,False,False,True,False,1,True,0,1,1,33
602,2020-01-04,3019,0,5,1,4,1,False,False,True,False,1,True,0,1,1,33
603,2020-01-05,2181,0,6,1,5,1,False,False,True,False,1,True,0,1,1,33
604,2020-01-06,3944,0,0,0,6,1,False,False,True,False,1,True,0,1,2,33
605,2020-01-07,3593,0,1,0,7,1,False,False,True,False,1,True,0,1,2,33
606,2020-01-08,3624,0,2,0,8,1,False,False,True,False,1,True,0,1,2,33
607,2020-01-09,3717,0,3,0,9,1,False,False,True,False,1,True,0,1,2,33
608,2020-01-10,3398,0,4,0,10,1,False,False,True,False,1,True,0,1,2,33
609,2020-01-11,2942,0,5,1,11,1,False,False,True,False,1,True,0,1,2,33
610,2020-01-12,2210,0,6,1,12,1,False,False,True,False,1,True,0,1,2,33
611,2020-01-13,3848,0,0,0,13,1,False,False,True,False,1,True,0,1,3,33
612,2020-01-14,3551,0,1,0,14,1,False,False,True,False,1,True,0,1,3,33
613,2020-01-15,3683,0,2,0,15,1,False,False,True,False,1,True,0,1,3,33
614,2020-01-16,3507,0,3,0,16,1,False,False,True,False,1,True,0,1,3,33
615,2020-01-17,3546,0,4,0,17,1,False,False,True,False,1,True,0,1,3,33
616,2020-01-18,2985,0,5,1,18,1,False,False,True,False,1,True,0,1,3,33
617,2020-01-19,2255,0,6,1,19,1,False,False,True,False,1,True,0,1,3,33
618,2020-01-20,3933,0,0,0,20,1,False,False,True,False,1,True,0,1,4,33
619,2020-01-21,3920,0,1,0,21,1,False,False,True,False,1,True,0,1,4,33
620,2020-01-22,3836,0,2,0,22,1,False,False,True,False,1,True,0,1,4,33
621,2020-01-23,3712,0,3,0,23,1,False,False,True,False,1,True,0,1,4,33
622,2020-01-24,3716,0,4,0,24,1,False,False,True,False,1,True,0,1,4,33
623,2020-01-25,3065,0,5,1,25,1,False,False,True,False,1,True,0,1,4,33
624,2020-01-26,2674,0,6,1,26,1,False,False,True,False,1,True,0,1,4,33
625,2020-01-27,4423,0,0,0,27,1,True,False,True,False,1,True,0,1,5,33
626,2020-01-28,4603,0,1,0,28,1,True,False,True,False,1,True,0,1,5,33
627,2020-01-29,4605,0,2,0,29,1,True,False,True,False,1,True,0,1,5,33
628,2020-01-30,5016,0,3,0,30,1,True,False,True,False,1,True,0,1,5,34
629,2020-01-31,5635,0,4,0,31,1,True,False,True,False,1,True,0,1,5,34
630,2020-02-01,2759,0,5,1,1,2,False,False,False,False,1,True,0,1,1,34
631,2020-02-02,2062,0,6,1,2,2,False,False,False,False,1,True,0,1,1,34
632,2020-02-03,4212,0,0,0,3,2,False,False,False,False,1,True,0,1,2,34
633,2020-02-04,4250,0,1,0,4,2,False,False,False,False,1,True,0,1,2,34
634,2020-02-05,3989,0,2,0,5,2,False,False,False,False,1,True,0,1,2,34
635,2020-02-06,4367,0,3,0,6,2,False,False,False,False,1,True,0,1,2,34
636,2020-02-07,4047,0,4,0,7,2,False,False,False,False,1,True,0,1,2,34
637,2020-02-08,3515,0,5,1,8,2,False,False,False,False,1,True,0,1,2,34
638,2020-02-09,2958,0,6,1,9,2,False,False,False,False,1,True,0,1,2,34
639,2020-02-10,4450,0,0,0,10,2,False,False,False,False,1,True,0,1,3,34
640,2020-02-11,4182,0,1,0,11,2,False,False,False,False,1,True,0,1,3,34
641,2020-02-12,3928,0,2,0,12,2,False,False,False,False,1,True,0,1,3,34
642,2020-02-13,3726,0,3,0,13,2,False,False,False,False,1,True,0,1,3,34
643,2020-02-14,3852,0,4,0,14,2,False,False,False,False,1,True,0,1,3,34
644,2020-02-15,3717,0,5,1,15,2,False,False,False,False,1,True,0,1,3,34
645,2020-02-16,3301,0,6,1,16,2,False,False,False,False,1,True,0,1,3,34
646,2020-02-17,4287,0,0,0,17,2,False,False,False,False,1,True,0,1,4,34
647,2020-02-18,4159,0,1,0,18,2,False,False,False,False,1,True,0,1,4,34
648,2020-02-19,3882,0,2,0,19,2,False,False,False,False,1,True,0,1,4,34
649,2020-02-20,4069,0,3,0,20,2,False,False,False,False,1,True,0,1,4,34
650,2020-02-21,4037,0,4,0,21,2,False,False,False,False,1,True,0,1,4,34
651,2020-02-22,3383,0,5,1,22,2,False,False,False,False,1,True,0,1,4,34
652,2020-02-23,2929,0,6,1,23,2,False,False,False,False,1,True,0,1,4,34
653,2020-02-24,4309,0,0,0,24,2,False,False,False,False,1,True,0,1,5,35
654,2020-02-25,4073,0,1,0,25,2,False,False,False,False,1,True,0,1,5,35
655,2020-02-26,3711,0,2,0,26,2,False,False,False,False,1,True,0,1,5,35
656,2020-02-27,3765,0,3,0,27,2,True,False,False,False,1,True,0,1,5,35
657,2020-02-28,3704,0,4,0,28,2,True,False,False,False,1,True,0,1,5,35
658,2020-02-29,3393,0,5,1,29,2,True,False,False,False,1,True,0,1,5,35
659,2020-03-01,2791,0,6,1,1,3,False,False,False,False,1,True,0,0,1,35
660,2020-03-02,3920,0,0,0,2,3,False,False,False,False,1,True,0,0,2,35
661,2020-03-03,3384,0,1,0,3,3,False,False,False,False,1,True,0,0,2,35
662,2020-03-04,3034,0,2,0,4,3,False,False,False,False,1,True,0,0,2,35
663,2020-03-05,3207,0,3,0,5,3,False,False,False,False,1,True,0,0,2,35
664,2020-03-06,2944,0,4,0,6,3,False,False,False,False,1,True,0,0,2,35
665,2020-03-07,2437,0,5,1,7,3,False,False,False,False,1,True,0,0,2,35
666,2020-03-08,1955,0,6,1,8,3,False,False,False,False,1,True,0,0,2,35
667,2020-03-09,3165,0,0,0,9,3,False,False,False,False,1,True,0,0,3,35
668,2020-03-10,2573,0,1,0,10,3,False,False,False,False,1,True,0,0,3,35
669,2020-03-11,3410,0,2,0,11,3,False,False,False,False,1,True,0,0,3,35
670,2020-03-12,3224,0,3,0,12,3,False,False,False,False,1,True,0,0,3,35
671,2020-03-13,2988,0,4,0,13,3,False,False,False,False,1,True,0,0,3,35
672,2020-03-14,2728,0,5,1,14,3,False,False,False,False,1,True,0,0,3,35
673,2020-03-15,2133,0,6,1,15,3,False,False,False,False,1,True,0,0,3,35
674,2020-03-18,2658,0,2,0,18,3,False,False,False,False,1,True,0,0,4,36
675,2020-03-19,2531,0,3,0,19,3,False,False,False,False,1,True,0,0,4,36
676,2020-03-20,2983,0,4,0,20,3,False,False,False,False,1,True,0,0,4,36
677,2020-03-21,2130,0,5,1,21,3,False,False,False,False,1,True,0,0,4,36
678,2020-03-22,1378,0,6,1,22,3,False,False,False,False,1,True,0,0,4,36
679,2020-03-23,2101,0,0,0,23,3,False,False,False,False,1,True,0,0,5,36
680,2020-03-24,1985,0,1,0,24,3,False,False,False,False,1,True,0,0,5,36
681,2020-03-25,2225,0,2,0,25,3,False,False,False,False,1,True,0,0,5,36
682,2020-03-26,2126,0,3,0,26,3,False,False,False,False,1,True,0,0,5,36
683,2020-03-27,2070,0,4,0,27,3,True,False,False,False,1,True,0,0,5,36
684,2020-03-28,1302,0,5,1,28,3,True,False,False,False,1,True,0,0,5,36
685,2020-03-29,914,0,6,1,29,3,True,False,False,False,1,True,0,0,5,36
686,2020-03-30,1890,0,0,0,30,3,True,False,False,False,1,True,0,0,6,36
687,2020-03-31,1827,0,1,0,31,3,True,False,False,False,1,True,0,0,6,36
688,2020-04-01,1858,0,2,0,1,4,False,False,False,False,0,True,1,0,1,36
689,2020-04-02,2041,0,3,0,2,4,False,False,False,False,0,True,1,0,1,36
690,2020-04-03,1921,0,4,0,3,4,False,False,False,False,0,True,1,0,1,36
691,2020-04-04,1147,0,5,1,4,4,False,False,False,False,0,True,1,0,1,36
692,2020-04-05,669,0,6,1,5,4,False,False,False,False,0,True,1,0,1,36
693,2020-04-06,1541,0,0,0,6,4,False,False,False,False,0,True,1,0,2,36
694,2020-04-07,1317,0,1,0,7,4,False,False,False,False,0,True,1,0,2,36
695,2020-04-08,1701,0,2,0,8,4,False,False,False,False,0,True,1,0,2,37
696,2020-04-09,1581,0,3,0,9,4,False,False,False,False,0,True,1,0,2,37
697,2020-04-10,1548,0,4,0,10,4,False,False,False,False,0,True,1,0,2,37
698,2020-04-11,873,0,5,1,11,4,False,False,False,False,0,True,1,0,2,37
699,2020-04-12,690,0,6,1,12,4,False,False,False,False,0,True,1,0,2,37
700,2020-04-13,1582,0,0,0,13,4,False,False,False,False,0,True,1,0,3,37
701,2020-04-14,1533,0,1,0,14,4,False,False,False,False,0,True,1,0,3,37
702,2020-04-15,1720,0,2,0,15,4,False,False,False,False,0,True,1,0,3,37
703,2020-04-16,1536,0,3,0,16,4,False,False,False,False,0,True,1,0,3,37
704,2020-04-17,1752,0,4,0,17,4,False,False,False,False,0,True,1,0,3,37
705,2020-04-18,659,0,5,1,18,4,False,False,False,False,0,True,1,0,3,37
706,2020-04-19,545,0,6,1,19,4,False,False,False,False,0,True,1,0,3,37
707,2020-04-20,1594,0,0,0,20,4,False,False,False,False,0,True,1,0,4,37
708,2020-04-21,1569,0,1,0,21,4,False,False,False,False,0,True,1,0,4,37
709,2020-04-22,1737,0,2,0,22,4,False,False,False,False,0,True,1,0,4,37
710,2020-04-23,1059,1,3,0,23,4,False,False,False,False,0,True,1,0,4,37
711,2020-04-24,1026,0,4,0,24,4,False,False,False,False,0,True,1,0,4,37
712,2020-04-25,668,0,5,1,25,4,False,False,False,False,0,True,1,0,4,37
713,2020-04-26,583,0,6,1,26,4,False,False,False,False,0,True,1,0,4,37
714,2020-04-27,1745,0,0,0,27,4,True,False,False,False,0,True,1,0,5,37
715,2020-04-28,1691,0,1,0,28,4,True,False,False,False,0,True,1,0,5,37
716,2020-04-29,1878,0,2,0,29,4,True,False,False,False,0,True,1,0,5,37
717,2020-04-30,1722,0,3,0,30,4,True,False,False,False,0,True,1,0,5,37
718,2020-05-01,861,1,4,0,1,5,False,True,False,False,0,True,1,0,1,37
719,2020-05-02,744,0,5,1,2,5,False,True,False,False,0,True,1,0,1,38
720,2020-05-03,550,0,6,1,3,5,False,True,False,False,0,True,1,0,1,38
721,2020-05-04,1779,0,0,0,4,5,False,True,False,False,0,True,1,0,2,38
722,2020-05-05,1708,0,1,0,5,5,False,True,False,False,0,True,1,0,2,38
723,2020-05-06,1870,0,2,0,6,5,False,True,False,False,0,True,1,0,2,38
724,2020-05-07,1723,0,3,0,7,5,False,True,False,False,0,True,1,0,2,38
725,2020-05-08,1773,0,4,0,8,5,False,True,False,False,0,True,1,0,2,38
726,2020-05-09,804,0,5,1,9,5,False,True,False,False,0,True,1,0,2,38
727,2020-05-10,532,0,6,1,10,5,False,True,False,False,0,True,1,0,2,38
728,2020-05-11,1560,0,0,0,11,5,False,True,False,False,0,True,1,0,3,38
729,2020-05-12,1519,0,1,0,12,5,False,True,False,False,0,True,1,0,3,38
730,2020-05-13,1603,0,2,0,13,5,False,True,False,False,0,True,1,0,3,38
731,2020-05-14,1677,0,3,0,14,5,False,True,False,False,0,True,1,0,3,38
732,2020-05-15,2006,0,4,0,15,5,False,True,False,False,0,True,1,0,3,38
733,2020-05-16,880,0,5,1,16,5,False,True,False,False,0,True,1,0,3,38
734,2020-05-17,758,0,6,1,17,5,False,True,False,False,0,True,1,0,3,38
735,2020-05-18,1288,0,0,0,18,5,False,True,False,False,0,True,1,0,4,38
736,2020-05-19,926,1,1,0,19,5,False,True,False,False,0,True,1,0,4,38
737,2020-05-20,1968,0,2,0,20,5,False,True,False,False,0,True,1,0,4,38
738,2020-05-21,1856,0,3,0,21,5,False,True,False,False,0,True,1,0,4,38
739,2020-05-22,1934,0,4,0,22,5,False,True,False,False,0,True,1,0,4,38
740,2020-05-23,771,1,5,1,23,5,False,True,False,False,0,True,1,0,4,38
741,2020-05-24,511,1,6,1,24,5,False,True,False,False,0,True,1,0,4,38
742,2020-05-25,731,1,0,0,25,5,False,True,False,False,0,True,1,0,5,38
743,2020-05-26,680,1,1,0,26,5,False,True,False,False,0,True,1,0,5,38
744,2020-05-27,1978,0,2,0,27,5,True,True,False,False,0,True,1,0,5,38
745,2020-05-28,1975,0,3,0,28,5,True,True,False,False,0,True,1,0,5,38
746,2020-05-29,2028,0,4,0,29,5,True,True,False,False,0,True,1,0,5,38
747,2020-05-30,1123,0,5,1,30,5,True,True,False,False,0,True,1,0,5,38
748,2020-05-31,950,0,6,1,31,5,True,True,False,False,0,True,1,0,5,38
749,2020-06-01,2442,0,0,0,1,6,False,True,False,False,0,True,1,0,1,38
750,2020-06-02,2495,0,1,0,2,6,False,True,False,False,0,True,1,0,1,38
751,2020-06-03,2405,0,2,0,3,6,False,True,False,False,0,True,1,0,1,38
752,2020-06-04,2249,0,3,0,4,6,False,True,False,False,0,True,1,0,1,38
753,2020-06-05,2502,0,4,0,5,6,False,True,False,False,0,True,1,0,1,39
754,2020-06-06,1892,0,5,1,6,6,False,True,False,False,0,True,1,0,1,39
755,2020-06-07,1424,0,6,1,7,6,False,True,False,False,0,True,1,0,1,39
756,2020-06-08,3151,0,0,0,8,6,False,True,False,False,0,True,1,0,2,39
757,2020-06-09,2516,0,1,0,9,6,False,True,False,False,0,True,1,0,2,39
758,2020-06-10,2363,0,2,0,10,6,False,True,False,False,0,True,1,0,2,39
759,2020-06-11,2507,0,3,0,11,6,False,True,False,False,0,True,1,0,2,39
760,2020-06-12,2441,0,4,0,12,6,False,True,False,False,0,True,1,0,2,39
761,2020-06-13,1943,0,5,1,13,6,False,True,False,False,0,True,1,0,2,39
762,2020-06-14,1462,0,6,1,14,6,False,True,False,False,0,True,1,0,2,39
763,2020-06-15,2663,0,0,0,15,6,False,True,False,False,0,True,1,0,3,39
764,2020-06-16,2449,0,1,0,16,6,False,True,False,False,0,True,1,0,3,39
765,2020-06-17,2689,0,2,0,17,6,False,True,False,False,0,True,1,0,3,39
766,2020-06-18,2572,0,3,0,18,6,False,True,False,False,0,True,1,0,3,39
767,2020-06-19,2550,0,4,0,19,6,False,True,False,False,0,True,1,0,3,39
768,2020-06-20,1679,0,5,1,20,6,False,True,False,False,0,True,1,0,3,39
769,2020-06-21,1640,0,6,1,21,6,False,True,False,False,0,True,1,0,3,39
770,2020-06-22,3155,0,0,0,22,6,False,True,False,False,0,True,1,0,4,39
771,2020-06-23,2735,0,1,0,23,6,False,True,False,False,0,True,1,0,4,39
772,2020-06-24,2752,0,2,0,24,6,False,True,False,False,0,True,1,0,4,39
773,2020-06-25,2844,0,3,0,25,6,False,True,False,False,0,True,1,0,4,39
774,2020-06-26,2706,0,4,0,26,6,False,True,False,False,0,True,1,0,4,39
775,2020-06-27,1574,0,5,1,27,6,True,True,False,False,0,True,1,0,4,39
776,2020-06-28,1317,0,6,1,28,6,True,True,False,False,0,True,1,0,4,39
777,2020-06-29,2939,0,0,0,29,6,True,True,False,False,0,True,1,0,5,39
778,2020-06-30,2925,0,1,0,30,6,True,True,False,False,0,True,1,0,5,39
779,2020-07-01,3236,0,2,0,1,7,False,True,False,False,0,False,0,0,1,39
780,2020-07-02,2959,0,3,0,2,7,False,True,False,False,0,False,0,0,1,39
781,2020-07-03,2755,0,4,0,3,7,False,True,False,False,0,False,0,0,1,39
782,2020-07-04,2257,0,5,1,4,7,False,True,False,False,0,False,0,0,1,39
783,2020-07-05,1659,0,6,1,5,7,False,True,False,False,0,False,0,0,1,39
784,2020-07-06,3272,0,0,0,6,7,False,True,False,False,0,False,0,0,2,39
785,2020-07-07,2776,0,1,0,7,7,False,True,False,False,0,False,0,0,2,39
786,2020-07-08,3138,0,2,0,8,7,False,True,False,False,0,False,0,0,2,38
787,2020-07-09,2908,0,3,0,9,7,False,True,False,False,0,False,0,0,2,38
788,2020-07-10,3043,0,4,0,10,7,False,True,False,False,0,False,0,0,2,38
789,2020-07-11,2356,0,5,1,11,7,False,True,False,False,0,False,0,0,2,38
790,2020-07-12,1747,0,6,1,12,7,False,True,False,False,0,False,0,0,2,38
791,2020-07-13,3078,0,0,0,13,7,False,True,False,False,0,False,0,0,3,38
792,2020-07-14,2998,0,1,0,14,7,False,True,False,False,0,False,0,0,3,38
793,2020-07-15,2553,1,2,0,15,7,False,True,False,False,0,False,0,0,3,38
794,2020-07-16,3141,0,3,0,16,7,False,True,False,False,0,False,0,0,3,38
795,2020-07-17,3187,0,4,0,17,7,False,True,False,False,0,False,0,0,3,38
796,2020-07-18,2318,0,5,1,18,7,False,True,False,False,0,False,0,0,3,38
797,2020-07-19,1659,0,6,1,19,7,False,True,False,False,0,False,0,0,3,38
798,2020-07-20,3005,0,0,0,20,7,False,True,False,False,0,False,0,0,4,38
799,2020-07-21,2818,0,1,0,21,7,False,True,False,False,0,False,0,0,4,38
800,2020-07-22,2932,0,2,0,22,7,False,True,False,False,0,False,0,0,4,38
801,2020-07-23,3260,0,3,0,23,7,False,True,False,False,0,False,0,0,4,38
802,2020-07-24,2876,0,4,0,24,7,False,True,False,False,0,False,0,0,4,38
803,2020-07-25,2334,0,5,1,25,7,False,True,False,False,0,False,0,0,4,38
804,2020-07-26,1815,0,6,1,26,7,False,True,False,False,0,False,0,0,4,38
805,2020-07-27,2990,0,0,0,27,7,True,True,False,False,0,False,0,0,5,38
806,2020-07-28,3172,0,1,0,28,7,True,True,False,False,0,False,0,0,5,38
807,2020-07-29,3275,0,2,0,29,7,True,True,False,False,0,False,0,0,5,38
808,2020-07-30,2660,1,3,0,30,7,True,True,False,False,0,False,0,0,5,38
809,2020-07-31,1072,1,4,0,31,7,True,True,False,False,0,False,0,0,5,38
810,2020-08-01,1409,1,5,1,1,8,False,False,False,False,0,False,0,0,1,38
811,2020-08-02,1326,1,6,1,2,8,False,False,False,False,0,False,0,0,1,38
812,2020-08-03,1535,1,0,0,3,8,False,False,False,False,0,False,0,0,2,38
813,2020-08-04,3100,0,1,0,4,8,False,False,False,False,0,False,0,0,2,38
814,2020-08-05,2823,0,2,0,5,8,False,False,False,False,0,False,0,0,2,38
815,2020-08-06,2500,0,3,0,6,8,False,False,False,False,0,False,0,0,2,38
816,2020-08-07,2895,0,4,0,7,8,False,False,False,False,0,False,0,0,2,38
817,2020-08-08,2051,0,5,1,8,8,False,False,False,False,0,False,0,0,2,38
818,2020-08-09,1633,0,6,1,9,8,False,False,False,False,0,False,0,0,2,38
819,2020-08-10,2682,0,0,0,10,8,False,False,False,False,0,False,0,0,3,38
820,2020-08-11,2599,0,1,0,11,8,False,False,False,False,0,False,0,0,3,37
821,2020-08-12,2697,0,2,0,12,8,False,False,False,False,0,False,0,0,3,37
822,2020-08-13,2539,0,3,0,13,8,False,False,False,False,0,False,0,0,3,37
823,2020-08-14,2636,0,4,0,14,8,False,False,False,False,0,False,0,0,3,37
824,2020-08-15,2050,0,5,1,15,8,False,False,False,False,0,False,0,0,3,37
825,2020-08-16,1609,0,6,1,16,8,False,False,False,False,0,False,0,0,3,37
826,2020-08-17,2692,0,0,0,17,8,False,False,False,False,0,False,0,0,4,37
827,2020-08-18,2731,0,1,0,18,8,False,False,False,False,0,False,0,0,4,37
828,2020-08-19,2764,0,2,0,19,8,False,False,False,False,0,False,0,0,4,37
829,2020-08-20,2626,0,3,0,20,8,False,False,False,False,0,False,0,0,4,37
830,2020-08-21,2485,0,4,0,21,8,False,False,False,False,0,False,0,0,4,37
831,2020-08-22,2055,0,5,1,22,8,False,False,False,False,0,False,0,0,4,37
832,2020-08-23,1553,0,6,1,23,8,False,False,False,False,0,False,0,0,4,37
833,2020-08-24,2669,0,0,0,24,8,False,False,False,False,0,False,0,0,5,37
834,2020-08-25,2655,0,1,0,25,8,False,False,False,False,0,False,0,0,5,37
835,2020-08-26,2779,0,2,0,26,8,False,False,False,False,0,False,0,0,5,37
836,2020-08-27,2706,0,3,0,27,8,True,False,False,False,0,False,0,0,5,37
837,2020-08-28,2811,0,4,0,28,8,True,False,False,False,0,False,0,0,5,37
838,2020-08-29,2140,0,5,1,29,8,True,False,False,False,0,False,0,0,5,37
839,2020-08-30,1470,1,6,1,30,8,True,False,False,False,0,False,0,0,5,37
840,2020-08-31,2949,0,0,0,31,8,True,False,False,False,0,False,0,0,6,37
841,2020-09-01,2971,0,1,0,1,9,False,False,False,False,0,False,0,0,1,37
842,2020-09-02,2849,0,2,0,2,9,False,False,False,False,0,False,0,0,1,37
843,2020-09-03,2648,0,3,0,3,9,False,False,False,False,0,False,0,0,1,37
844,2020-09-04,2713,0,4,0,4,9,False,False,False,False,0,False,0,0,1,36
845,2020-09-05,2051,0,5,1,5,9,False,False,False,False,0,False,0,0,1,36
846,2020-09-06,1577,0,6,1,6,9,False,False,False,False,0,False,0,0,1,36
847,2020-09-07,2794,0,0,0,7,9,False,False,False,False,0,False,0,0,2,36
848,2020-09-08,2658,0,1,0,8,9,False,False,False,False,0,False,0,0,2,36
849,2020-09-09,2669,0,2,0,9,9,False,False,False,False,0,False,0,0,2,36
850,2020-09-10,2813,0,3,0,10,9,False,False,False,False,0,False,0,0,2,36
851,2020-09-11,2820,0,4,0,11,9,False,False,False,False,0,False,0,0,2,36
852,2020-09-12,2152,0,5,1,12,9,False,False,False,False,0,False,0,0,2,36
853,2020-09-13,1538,0,6,1,13,9,False,False,False,False,0,False,0,0,2,36
854,2020-09-14,2725,0,0,0,14,9,False,False,False,False,0,False,0,0,3,36
855,2020-09-15,2791,0,1,0,15,9,False,False,False,False,0,False,0,0,3,36
856,2020-09-16,2762,0,2,0,16,9,False,False,False,False,0,False,0,0,3,36
857,2020-09-17,2601,0,3,0,17,9,False,False,False,False,0,False,0,0,3,36
858,2020-09-18,2903,0,4,0,18,9,False,False,False,False,0,False,0,0,3,36
859,2020-09-19,1970,0,5,1,19,9,False,False,False,False,0,False,0,0,3,36
860,2020-09-20,1521,0,6,1,20,9,False,False,False,False,0,False,0,0,3,36
861,2020-09-21,2584,0,0,0,21,9,False,False,False,False,0,False,0,0,4,36
862,2020-09-22,2470,0,1,0,22,9,False,False,False,False,0,False,0,0,4,36
863,2020-09-23,2478,0,2,0,23,9,False,False,False,False,0,False,0,0,4,36
864,2020-09-24,2456,0,3,0,24,9,False,False,False,False,0,False,0,0,4,36
865,2020-09-25,2519,0,4,0,25,9,False,False,False,False,0,False,0,0,4,36
866,2020-09-26,1730,0,5,1,26,9,False,False,False,False,0,False,0,0,4,35
867,2020-09-27,1336,0,6,1,27,9,True,False,False,False,0,False,0,0,4,35
868,2020-09-28,2810,0,0,0,28,9,True,False,False,False,0,False,0,0,5,35
869,2020-09-29,2762,0,1,0,29,9,True,False,False,False,0,False,0,0,5,35
870,2020-09-30,2660,0,2,0,30,9,True,False,False,False,0,False,0,0,5,35
871,2020-10-01,2556,0,3,0,1,10,False,False,False,False,1,False,0,0,1,35
872,2020-10-02,2308,0,4,0,2,10,False,False,False,False,1,False,0,0,1,35
873,2020-10-03,1859,0,5,1,3,10,False,False,False,False,1,False,0,0,1,35
874,2020-10-04,1263,0,6,1,4,10,False,False,False,False,1,False,0,0,1,35
875,2020-10-05,2398,0,0,0,5,10,False,False,False,False,1,False,0,0,2,35
876,2020-10-06,2262,0,1,0,6,10,False,False,False,False,1,False,0,0,2,35
877,2020-10-07,2726,0,2,0,7,10,False,False,False,False,1,False,0,0,2,35
878,2020-10-08,2182,0,3,0,8,10,False,False,False,False,1,False,0,0,2,35
